wall_s,ms,ax,ay,az,light,label
0.028,930132.0,0.421,0.843,-0.234,172,STILL
0.059,930162.0,0.328,0.89,-0.14,173,STILL
0.089,930192.0,0.328,0.937,-0.234,174,STILL
0.119,930222.0,0.328,0.937,-0.187,171,STILL
0.150,930252.0,0.421,0.937,-0.187,171,STILL
0.181,930283.0,0.375,0.89,-0.234,172,STILL
0.211,930313.0,0.375,0.843,-0.187,171,STILL
0.241,930343.0,0.421,0.89,-0.234,172,STILL
0.271,930373.0,0.375,0.89,-0.187,172,STILL
0.300,930403.0,0.375,0.89,-0.187,171,STILL
0.331,930434.0,0.375,0.937,-0.234,173,STILL
0.361,930464.0,0.421,0.89,-0.187,171,STILL
0.392,930494.0,0.421,0.89,-0.187,173,STILL
0.422,930524.0,0.375,0.843,-0.234,172,STILL
0.452,930555.0,0.375,0.843,-0.187,173,STILL
0.483,930585.0,0.421,0.89,-0.234,171,STILL
0.513,930615.0,0.421,0.89,-0.187,172,STILL
0.544,930646.0,0.375,0.89,-0.187,171,STILL
0.575,930676.0,0.375,0.89,-0.187,171,STILL
0.604,930707.0,0.375,0.843,-0.187,172,STILL
0.635,930737.0,0.375,0.937,-0.187,171,STILL
0.665,930767.0,0.375,0.843,-0.234,173,STILL
0.698,930798.0,0.421,0.937,-0.187,171,STILL
0.727,930828.0,0.375,0.89,-0.187,173,STILL
0.756,930859.0,0.375,0.843,-0.187,173,STILL
0.786,930889.0,0.375,0.89,-0.234,171,STILL
0.816,930920.0,0.375,0.89,-0.187,171,STILL
0.847,930950.0,0.421,0.984,-0.187,172,STILL
0.877,930980.0,0.328,0.937,-0.187,171,STILL
0.908,931010.0,0.375,0.937,-0.14,174,STILL
0.939,931041.0,0.468,0.843,-0.234,173,STILL
0.969,931071.0,0.421,0.937,-0.187,170,STILL
0.999,931101.0,0.421,0.89,-0.234,169,STILL
1.030,931131.0,0.421,0.937,-0.234,169,STILL
1.059,931162.0,0.375,0.937,-0.234,171,STILL
1.089,931192.0,0.421,0.937,-0.234,170,STILL
1.119,931222.0,0.328,0.843,-0.14,171,STILL
1.149,931252.0,0.421,0.89,-0.187,171,STILL
1.180,931283.0,0.375,0.937,-0.187,173,STILL
1.210,931313.0,0.468,0.843,-0.187,170,STILL
1.240,931343.0,0.468,0.89,-0.187,171,STILL
1.271,931374.0,0.421,0.937,-0.187,170,STILL
1.302,931404.0,0.375,0.937,-0.187,170,STILL
1.332,931434.0,0.375,0.89,-0.187,170,STILL
1.362,931465.0,0.421,0.89,-0.187,170,STILL
1.393,931495.0,0.375,0.984,-0.234,171,STILL
1.424,931526.0,0.421,0.89,-0.187,173,STILL
1.454,931556.0,0.375,0.984,-0.187,170,STILL
1.483,931587.0,0.375,0.984,-0.234,170,STILL
1.506,931609.0,0.375,0.89,-0.187,174,STILL
1.537,931639.0,0.375,0.89,-0.14,169,STILL
1.567,931670.0,0.468,0.937,-0.234,170,STILL
1.598,931700.0,0.375,0.937,-0.187,170,STILL
1.628,931731.0,0.375,0.937,-0.187,170,STILL
1.659,931761.0,0.421,0.89,-0.187,172,STILL
1.689,931791.0,0.375,0.937,-0.187,171,STILL
1.722,931821.0,0.421,0.843,-0.14,171,STILL
1.750,931852.0,0.375,0.937,-0.187,171,STILL
1.781,931882.0,0.375,0.843,-0.281,170,STILL
1.811,931912.0,0.421,0.984,-0.14,169,STILL
1.842,931942.0,0.375,0.89,-0.14,171,STILL
1.871,931972.0,0.421,0.937,-0.187,171,STILL
1.902,932002.0,0.375,0.89,-0.187,170,STILL
1.932,932033.0,0.328,0.89,-0.187,171,STILL
1.962,932063.0,0.375,0.89,-0.187,172,STILL
1.993,932093.0,0.421,0.796,-0.187,172,STILL
2.023,932124.0,0.375,0.89,-0.187,171,STILL
2.053,932154.0,0.375,0.89,-0.187,170,STILL
2.083,932184.0,0.421,0.937,-0.187,169,STILL
2.114,932215.0,0.375,0.937,-0.187,170,STILL
2.145,932245.0,0.375,0.937,-0.187,169,STILL
2.176,932276.0,0.421,0.937,-0.187,169,STILL
2.206,932306.0,0.421,0.937,-0.187,170,STILL
2.238,932338.0,0.375,0.89,-0.187,169,STILL
2.267,932368.0,0.375,0.89,-0.187,171,STILL
2.297,932398.0,0.421,0.984,-0.187,172,STILL
2.328,932429.0,0.375,0.984,-0.187,171,STILL
2.359,932459.0,0.375,0.89,-0.187,173,STILL
2.388,932489.0,0.421,0.89,-0.187,171,STILL
2.419,932519.0,0.328,0.89,-0.187,169,STILL
2.449,932549.0,0.375,0.89,-0.234,171,STILL
2.479,932580.0,0.375,0.937,-0.187,171,STILL
2.509,932610.0,0.421,0.89,-0.187,171,STILL
2.540,932640.0,0.421,0.89,-0.187,170,STILL
2.570,932671.0,0.421,0.843,-0.187,169,STILL
2.592,932693.0,0.375,0.89,-0.187,174,STILL
2.624,932724.0,0.375,0.89,-0.187,170,STILL
2.654,932754.0,0.375,0.937,-0.187,170,STILL
2.683,932784.0,0.375,0.89,-0.234,170,STILL
2.714,932814.0,0.375,0.937,-0.187,170,STILL
2.745,932844.0,0.375,0.89,-0.14,170,STILL
2.775,932874.0,0.421,0.937,-0.14,172,STILL
2.805,932904.0,0.421,0.937,-0.234,170,STILL
2.834,932935.0,0.421,0.89,-0.234,170,STILL
2.865,932965.0,0.375,0.937,-0.187,170,STILL
2.895,932995.0,0.421,0.937,-0.187,169,STILL
2.925,933025.0,0.421,0.89,-0.234,172,STILL
2.955,933056.0,0.421,0.89,-0.187,170,STILL
2.985,933086.0,0.328,0.843,-0.187,169,STILL
3.015,933116.0,0.421,0.89,-0.187,170,STILL
3.046,933146.0,0.421,0.843,-0.234,170,STILL
3.076,933176.0,0.421,0.89,-0.14,170,STILL
3.107,933207.0,0.421,0.89,-0.187,169,STILL
3.137,933237.0,0.421,0.89,-0.234,170,STILL
3.167,933267.0,0.421,0.937,-0.187,170,STILL
3.197,933297.0,0.421,0.843,-0.234,170,STILL
3.226,933327.0,0.421,0.89,-0.187,170,STILL
3.257,933358.0,0.421,0.937,-0.187,169,STILL
3.287,933388.0,0.375,0.937,-0.187,169,STILL
3.318,933418.0,0.375,0.843,-0.187,170,STILL
3.348,933449.0,0.375,0.843,-0.14,169,STILL
3.379,933479.0,0.421,0.89,-0.234,169,STILL
3.410,933509.0,0.375,0.843,-0.234,170,STILL
3.440,933539.0,0.421,0.89,-0.14,170,STILL
3.470,933570.0,0.421,0.89,-0.187,168,STILL
3.500,933600.0,0.375,0.89,-0.14,171,STILL
3.531,933630.0,0.375,0.89,-0.234,170,STILL
3.560,933660.0,0.421,0.984,-0.187,170,STILL
3.590,933691.0,0.375,0.89,-0.187,169,STILL
3.620,933721.0,0.375,0.89,-0.187,168,STILL
3.651,933751.0,0.421,0.89,-0.187,169,STILL
3.681,933782.0,0.468,0.937,-0.14,169,STILL
3.712,933812.0,0.375,0.937,-0.187,170,STILL
3.743,933842.0,0.421,0.89,-0.234,171,STILL
3.773,933872.0,0.375,0.937,-0.14,170,STILL
3.803,933903.0,0.375,0.89,-0.14,170,STILL
3.833,933933.0,0.421,0.937,-0.187,170,STILL
3.863,933963.0,0.421,0.796,-0.14,171,STILL
3.893,933993.0,0.375,0.89,-0.187,170,STILL
3.924,934024.0,0.375,0.937,-0.14,169,STILL
3.954,934054.0,0.375,0.89,-0.14,170,STILL
3.984,934084.0,0.375,0.89,-0.187,169,STILL
4.016,934115.0,0.328,0.937,-0.187,169,STILL
4.046,934145.0,0.375,0.89,-0.187,169,STILL
4.077,934175.0,0.421,0.89,-0.234,169,STILL
4.107,934206.0,0.375,0.89,-0.187,170,STILL
4.137,934236.0,0.328,0.937,-0.234,170,STILL
4.167,934266.0,0.421,0.937,-0.234,169,STILL
4.197,934296.0,0.375,0.843,-0.187,171,STILL
4.227,934327.0,0.375,0.937,-0.187,170,STILL
4.257,934357.0,0.375,0.89,-0.234,171,STILL
4.288,934387.0,0.375,0.937,-0.14,171,STILL
4.318,934417.0,0.421,0.89,-0.14,169,STILL
4.349,934448.0,0.421,0.937,-0.187,172,STILL
4.379,934478.0,0.375,0.984,-0.234,171,STILL
4.408,934508.0,0.375,0.89,-0.234,171,STILL
4.439,934538.0,0.375,0.843,-0.187,170,STILL
4.469,934569.0,0.375,0.843,-0.187,171,STILL
4.499,934599.0,0.421,0.843,-0.187,171,STILL
4.530,934629.0,0.375,0.843,-0.187,172,STILL
4.560,934659.0,0.375,0.937,-0.234,171,STILL
4.590,934689.0,0.421,0.843,-0.187,170,STILL
4.620,934719.0,0.375,0.937,-0.187,171,STILL
4.643,934742.0,0.375,0.843,-0.187,174,STILL
4.673,934772.0,0.421,0.843,-0.14,171,STILL
4.704,934802.0,0.328,0.937,-0.234,170,STILL
4.734,934832.0,0.421,0.89,-0.14,170,STILL
4.764,934862.0,0.375,0.89,-0.187,173,STILL
4.795,934893.0,0.421,0.89,-0.14,171,STILL
4.825,934923.0,0.421,0.89,-0.187,169,STILL
4.855,934953.0,0.328,0.89,-0.093,170,STILL
4.885,934983.0,0.421,0.937,-0.14,169,STILL
4.915,935014.0,0.375,0.89,-0.14,171,STILL
4.947,935044.0,0.375,0.89,-0.187,170,STILL
4.977,935074.0,0.375,0.937,-0.187,171,STILL
5.007,935104.0,0.421,0.937,-0.187,171,STILL
5.037,935135.0,0.328,0.843,-0.14,170,STILL
5.065,935165.0,0.375,0.937,-0.187,170,STILL
5.096,935195.0,0.375,0.937,-0.187,170,STILL
5.127,935225.0,0.421,0.937,-0.187,170,STILL
5.157,935255.0,0.375,0.89,-0.187,170,STILL
5.187,935286.0,0.421,0.937,-0.14,169,STILL
5.218,935316.0,0.421,0.937,-0.14,169,STILL
5.249,935346.0,0.328,0.89,-0.14,170,STILL
5.279,935376.0,0.421,0.89,-0.187,170,STILL
5.309,935407.0,0.421,0.937,-0.14,169,STILL
5.339,935437.0,0.421,0.937,-0.187,171,STILL
5.369,935467.0,0.375,0.89,-0.14,170,STILL
5.399,935497.0,0.375,0.89,-0.187,169,STILL
5.430,935527.0,0.421,0.89,-0.187,170,STILL
5.461,935558.0,0.375,0.843,-0.187,171,STILL
5.490,935588.0,0.421,0.937,-0.187,169,STILL
5.520,935618.0,0.421,0.984,-0.234,169,STILL
5.552,935649.0,0.421,0.89,-0.14,170,STILL
5.582,935679.0,0.421,0.89,-0.234,172,STILL
5.612,935710.0,0.375,0.89,-0.187,171,STILL
5.643,935740.0,0.375,0.89,-0.187,170,STILL
5.673,935770.0,0.375,0.937,-0.14,171,STILL
5.703,935800.0,0.421,0.937,-0.234,171,STILL
5.733,935831.0,0.421,0.89,-0.234,170,STILL
5.763,935861.0,0.421,0.937,-0.14,170,STILL
5.794,935891.0,0.375,0.937,-0.187,171,STILL
5.824,935922.0,0.421,0.984,-0.14,171,STILL
5.853,935952.0,0.421,0.937,-0.187,169,STILL
5.883,935982.0,0.421,0.843,-0.187,170,STILL
5.914,936012.0,0.328,0.843,-0.14,169,STILL
5.943,936042.0,0.375,0.937,-0.187,170,STILL
5.975,936073.0,0.421,0.89,-0.14,170,STILL
6.005,936103.0,0.421,0.89,-0.234,170,STILL
6.036,936133.0,0.421,0.89,-0.14,168,STILL
6.066,936164.0,0.375,0.937,-0.187,169,STILL
6.097,936194.0,0.375,0.937,-0.187,171,STILL
6.128,936224.0,0.375,0.89,-0.14,171,STILL
6.158,936255.0,0.375,0.89,-0.187,172,STILL
6.189,936285.0,0.375,0.937,-0.234,169,STILL
6.219,936315.0,0.328,0.89,-0.187,169,STILL
6.249,936346.0,0.375,0.937,-0.187,171,STILL
6.272,936368.0,0.421,0.937,-0.187,174,STILL
6.301,936398.0,0.421,0.843,-0.187,170,STILL
6.332,936428.0,0.421,0.937,-0.187,171,STILL
6.362,936459.0,0.375,0.89,-0.14,170,STILL
6.392,936489.0,0.375,0.937,-0.234,172,STILL
6.423,936520.0,0.468,0.89,-0.187,171,STILL
6.453,936550.0,0.328,0.937,-0.187,170,STILL
6.484,936580.0,0.375,0.937,-0.14,170,STILL
6.514,936610.0,0.375,0.89,-0.187,170,STILL
6.544,936641.0,0.421,0.89,-0.234,173,STILL
6.575,936671.0,0.375,0.89,-0.187,170,STILL
6.605,936701.0,0.375,0.89,-0.187,170,STILL
6.635,936731.0,0.375,0.89,-0.187,171,STILL
6.666,936762.0,0.375,0.984,-0.234,170,STILL
6.695,936792.0,0.375,0.843,-0.187,170,STILL
6.727,936823.0,0.421,0.89,-0.187,171,STILL
6.757,936853.0,0.421,0.89,-0.187,170,STILL
6.787,936884.0,0.375,0.843,-0.281,170,STILL
6.818,936914.0,0.375,0.843,-0.187,169,STILL
6.849,936944.0,0.375,0.89,-0.234,170,STILL
6.878,936975.0,0.375,0.843,-0.234,171,STILL
6.909,937005.0,0.421,0.937,-0.187,169,STILL
6.939,937036.0,0.375,0.937,-0.234,170,STILL
6.962,937058.0,0.375,0.89,-0.187,173,STILL
6.993,937089.0,0.468,0.937,-0.187,172,STILL
7.024,937119.0,0.375,0.89,-0.234,170,STILL
7.053,937149.0,0.375,0.843,-0.14,170,STILL
7.083,937180.0,0.375,0.843,-0.187,169,STILL
7.114,937210.0,0.375,0.937,-0.14,170,STILL
7.145,937241.0,0.421,0.937,-0.14,170,STILL
7.176,937271.0,0.421,0.89,-0.14,171,STILL
7.205,937301.0,0.375,0.937,-0.234,169,STILL
7.236,937332.0,0.375,0.843,-0.187,170,STILL
7.267,937362.0,0.375,0.89,-0.14,170,STILL
7.296,937392.0,0.468,0.89,-0.187,170,STILL
7.327,937423.0,0.375,0.89,-0.187,170,STILL
7.357,937453.0,0.375,0.89,-0.187,169,STILL
7.387,937483.0,0.421,0.937,-0.14,170,STILL
7.417,937513.0,0.375,0.984,-0.14,171,STILL
7.448,937544.0,0.375,0.937,-0.234,171,STILL
7.478,937574.0,0.375,0.937,-0.14,172,STILL
7.509,937604.0,0.375,0.89,-0.187,173,STILL
7.540,937635.0,0.328,0.89,-0.234,171,STILL
7.569,937665.0,0.421,0.89,-0.187,172,STILL
7.600,937695.0,0.375,0.937,-0.234,172,STILL
7.629,937726.0,0.328,0.89,-0.187,171,STILL
7.660,937756.0,0.421,0.843,-0.14,170,STILL
7.691,937786.0,0.375,0.937,-0.187,169,STILL
7.721,937817.0,0.375,0.89,-0.234,169,STILL
7.752,937847.0,0.375,0.89,-0.187,170,STILL
7.782,937877.0,0.421,0.89,-0.187,172,STILL
7.812,937907.0,0.421,0.937,-0.187,170,STILL
7.842,937938.0,0.421,0.984,-0.234,169,STILL
7.872,937968.0,0.421,0.89,-0.187,170,STILL
7.903,937998.0,0.421,0.89,-0.14,169,STILL
7.934,938028.0,0.375,0.937,-0.187,170,STILL
7.963,938059.0,0.375,0.937,-0.187,170,STILL
7.993,938089.0,0.328,0.843,-0.187,170,STILL
8.024,938119.0,0.421,0.89,-0.187,171,STILL
8.054,938149.0,0.421,0.89,-0.187,169,STILL
8.083,938180.0,0.375,0.937,-0.187,170,STILL
8.114,938210.0,0.375,0.89,-0.14,171,STILL
8.144,938240.0,0.421,0.843,-0.14,170,STILL
8.175,938271.0,0.421,0.937,-0.14,170,STILL
8.205,938301.0,0.421,0.89,-0.234,170,STILL
8.235,938331.0,0.421,0.843,-0.187,170,STILL
8.265,938362.0,0.421,0.89,-0.14,168,STILL
8.295,938392.0,0.375,0.89,-0.14,170,STILL
8.327,938422.0,0.421,0.89,-0.187,169,STILL
8.357,938453.0,0.421,0.937,-0.14,170,STILL
8.388,938483.0,0.375,0.89,-0.187,170,STILL
8.418,938513.0,0.421,0.843,-0.187,169,STILL
8.448,938544.0,0.421,0.843,-0.14,168,STILL
8.479,938574.0,0.375,0.937,-0.187,168,STILL
8.510,938604.0,0.375,0.89,-0.14,169,STILL
8.540,938634.0,0.375,0.89,-0.187,168,STILL
8.570,938665.0,0.375,0.937,-0.14,168,STILL
8.600,938695.0,0.375,0.937,-0.14,169,STILL
8.630,938725.0,0.421,0.89,-0.187,169,STILL
8.660,938755.0,0.375,0.843,-0.187,170,STILL
8.691,938785.0,0.375,0.89,-0.187,169,STILL
8.721,938816.0,0.375,0.937,-0.187,168,STILL
8.751,938846.0,0.421,0.937,-0.187,170,STILL
8.782,938876.0,0.375,0.89,-0.187,169,STILL
8.813,938907.0,0.421,0.937,-0.187,170,STILL
8.843,938937.0,0.421,0.984,-0.187,169,STILL
8.873,938967.0,0.421,0.89,-0.187,170,STILL
8.903,938998.0,0.421,0.89,-0.187,169,STILL
8.933,939028.0,0.375,0.937,-0.14,173,STILL
8.963,939058.0,0.421,0.937,-0.187,171,STILL
8.994,939089.0,0.421,0.89,-0.14,170,STILL
9.025,939119.0,0.421,0.937,-0.187,169,STILL
9.054,939149.0,0.468,0.89,-0.14,169,STILL
9.084,939179.0,0.468,0.89,-0.187,170,STILL
9.115,939210.0,0.421,0.89,-0.14,169,STILL
9.146,939240.0,0.375,0.89,-0.187,170,STILL
9.176,939270.0,0.375,0.937,-0.187,169,STILL
9.207,939301.0,0.375,0.89,-0.187,170,STILL
9.238,939331.0,0.375,0.89,-0.187,171,STILL
9.268,939362.0,0.375,0.89,-0.234,170,STILL
9.298,939392.0,0.375,0.843,-0.187,172,STILL
9.328,939422.0,0.421,0.89,-0.14,171,STILL
9.358,939452.0,0.375,0.89,-0.14,171,STILL
9.389,939483.0,0.421,0.89,-0.187,170,STILL
9.419,939513.0,0.421,0.937,-0.14,171,STILL
9.449,939543.0,0.421,0.937,-0.187,171,STILL
9.479,939573.0,0.421,0.89,-0.187,170,STILL
9.510,939604.0,0.375,0.937,-0.187,170,STILL
9.541,939634.0,0.421,0.89,-0.14,171,STILL
9.571,939664.0,0.375,0.89,-0.14,170,STILL
9.601,939695.0,0.421,0.937,-0.187,169,STILL
9.631,939725.0,0.421,0.89,-0.234,170,STILL
9.663,939756.0,0.375,0.843,-0.187,171,STILL
9.693,939786.0,0.421,0.843,-0.187,171,STILL
9.723,939817.0,0.375,0.89,-0.14,171,STILL
9.753,939847.0,0.421,0.843,-0.187,170,STILL
9.784,939877.0,0.421,0.937,-0.14,171,STILL
9.814,939908.0,0.468,0.843,-0.234,170,STILL
9.847,939938.0,0.375,0.89,-0.14,169,STILL
9.875,939968.0,0.375,0.89,-0.187,169,STILL
9.906,939999.0,0.421,0.89,-0.187,169,STILL
9.936,940029.0,0.375,0.937,-0.14,168,STILL
9.966,940059.0,0.421,0.89,-0.234,169,STILL
9.997,940089.0,0.468,0.89,-0.14,170,STILL
10.027,940120.0,0.421,0.89,-0.187,170,STILL
10.057,940150.0,0.468,0.937,-0.187,170,STILL
10.086,940180.0,0.375,0.89,-0.281,170,STILL
10.117,940211.0,0.328,0.89,-0.14,170,STILL
10.148,940241.0,0.421,0.89,-0.187,169,STILL
10.178,940271.0,0.375,0.937,-0.187,170,STILL
10.208,940301.0,0.421,0.89,-0.187,171,STILL
10.239,940331.0,0.375,0.843,-0.187,168,STILL
10.269,940362.0,0.421,0.984,-0.187,168,STILL
10.299,940392.0,0.375,0.937,-0.14,169,STILL
10.328,940422.0,0.375,0.89,-0.187,168,STILL
10.358,940452.0,0.375,0.843,-0.187,169,STILL
10.388,940482.0,0.421,0.89,-0.14,169,STILL
10.418,940513.0,0.328,0.843,-0.187,169,STILL
10.449,940543.0,0.421,0.89,-0.14,171,STILL
10.479,940573.0,0.468,0.89,-0.187,170,STILL
10.509,940603.0,0.421,0.89,-0.14,170,STILL
10.541,940634.0,0.375,0.937,-0.187,170,STILL
10.572,940664.0,0.421,0.937,-0.234,170,STILL
10.601,940694.0,0.375,0.89,-0.187,170,STILL
10.631,940724.0,0.421,0.843,-0.187,172,STILL
10.661,940755.0,0.375,0.843,-0.234,170,STILL
10.691,940785.0,0.375,0.89,-0.187,169,STILL
10.722,940815.0,0.375,0.89,-0.187,170,STILL
10.752,940845.0,0.375,0.89,-0.187,169,STILL
10.782,940876.0,0.468,0.89,-0.187,170,STILL
10.812,940906.0,0.375,0.89,-0.187,170,STILL
10.843,940936.0,0.421,0.937,-0.187,171,STILL
10.874,940967.0,0.375,0.89,-0.187,172,STILL
10.904,940997.0,0.375,0.89,-0.14,170,STILL
10.934,941027.0,0.421,0.89,-0.14,170,STILL
10.965,941058.0,0.421,0.937,-0.187,170,STILL
10.996,941088.0,0.421,0.984,-0.187,171,STILL
11.026,941118.0,0.375,0.89,-0.187,171,STILL
11.056,941148.0,0.328,0.843,-0.187,171,STILL
11.086,941179.0,0.421,0.843,-0.187,170,STILL
11.117,941209.0,0.421,0.843,-0.187,170,STILL
11.147,941239.0,0.328,0.843,-0.234,171,STILL
11.177,941269.0,0.328,0.937,-0.14,171,STILL
11.208,941300.0,0.421,0.89,-0.234,169,STILL
11.238,941330.0,0.421,0.89,-0.187,171,STILL
11.268,941360.0,0.421,0.937,-0.234,169,STILL
11.299,941391.0,0.375,0.843,-0.234,169,STILL
11.329,941421.0,0.375,0.937,-0.187,170,STILL
11.359,941451.0,0.375,0.89,-0.14,171,STILL
11.389,941481.0,0.421,0.937,-0.187,170,STILL
11.419,941512.0,0.421,0.89,-0.187,170,STILL
11.450,941542.0,0.421,0.937,-0.234,171,STILL
11.480,941572.0,0.421,0.89,-0.234,171,STILL
11.510,941603.0,0.421,0.89,-0.187,170,STILL
11.542,941633.0,0.375,0.843,-0.14,171,STILL
11.572,941663.0,0.375,0.843,-0.14,171,STILL
11.602,941694.0,0.468,0.937,-0.187,170,STILL
11.632,941724.0,0.468,0.89,-0.187,170,STILL
11.663,941754.0,0.421,0.843,-0.187,171,STILL
11.693,941785.0,0.421,0.937,-0.187,172,STILL
11.724,941815.0,0.421,0.937,-0.187,170,STILL
11.754,941846.0,0.375,0.89,-0.14,170,STILL
11.784,941876.0,0.421,0.89,-0.187,170,STILL
11.814,941906.0,0.375,0.89,-0.187,170,STILL
11.845,941936.0,0.421,0.89,-0.14,171,STILL
11.874,941966.0,0.421,0.937,-0.187,172,STILL
11.904,941997.0,0.375,0.89,-0.187,170,STILL
11.934,942027.0,0.375,0.843,-0.187,169,STILL
11.965,942058.0,0.468,0.89,-0.187,170,STILL
11.996,942089.0,0.421,0.937,-0.187,170,STILL
12.027,942119.0,0.375,0.89,-0.234,170,STILL
12.058,942150.0,0.421,0.843,-0.14,171,STILL
12.088,942180.0,0.421,0.89,-0.187,169,STILL
12.119,942210.0,0.421,0.89,-0.187,169,STILL
12.149,942240.0,0.421,0.937,-0.187,170,STILL
12.180,942271.0,0.375,0.89,-0.187,170,STILL
12.210,942301.0,0.375,0.937,-0.187,170,STILL
12.239,942331.0,0.421,0.937,-0.187,170,STILL
12.270,942361.0,0.421,0.843,-0.187,170,STILL
12.300,942391.0,0.328,0.937,-0.14,170,STILL
12.331,942422.0,0.375,0.89,-0.187,169,STILL
12.360,942452.0,0.421,0.89,-0.187,169,STILL
12.390,942482.0,0.375,0.89,-0.14,170,STILL
12.420,942512.0,0.328,0.843,-0.187,169,STILL
12.450,942542.0,0.375,0.89,-0.187,171,STILL
12.480,942572.0,0.328,0.89,-0.187,171,STILL
12.510,942603.0,0.375,0.89,-0.187,171,STILL
12.540,942633.0,0.375,0.937,-0.187,170,STILL
12.571,942663.0,0.421,0.89,-0.187,169,STILL
12.602,942693.0,0.375,0.796,-0.234,170,STILL
12.631,942723.0,0.375,0.89,-0.187,169,STILL
12.661,942754.0,0.421,0.843,-0.14,171,STILL
12.692,942784.0,0.421,0.89,-0.187,169,STILL
12.722,942814.0,0.421,0.937,-0.14,169,STILL
12.753,942845.0,0.375,0.89,-0.234,170,STILL
12.784,942875.0,0.468,0.89,-0.187,169,STILL
12.814,942905.0,0.375,0.89,-0.187,169,STILL
12.844,942935.0,0.421,0.937,-0.14,170,STILL
12.875,942965.0,0.375,0.89,-0.187,170,STILL
12.905,942995.0,0.375,0.89,-0.187,170,STILL
12.934,943026.0,0.375,0.843,-0.187,171,STILL
12.964,943056.0,0.375,0.89,-0.14,170,STILL
12.995,943086.0,0.375,0.843,-0.187,171,STILL
13.024,943116.0,0.375,0.89,-0.187,169,STILL
13.055,943147.0,0.375,0.843,-0.14,169,STILL
13.086,943177.0,0.421,0.89,-0.234,170,STILL
13.116,943207.0,0.421,0.843,-0.187,169,STILL
13.147,943238.0,0.421,0.937,-0.187,169,STILL
13.177,943268.0,0.375,0.937,-0.234,170,STILL
13.208,943298.0,0.328,0.937,-0.187,170,STILL
13.237,943328.0,0.421,0.89,-0.187,170,STILL
13.268,943359.0,0.375,0.937,-0.187,170,STILL
13.299,943389.0,0.375,0.937,-0.234,169,STILL
13.329,943419.0,0.328,0.89,-0.187,169,STILL
13.359,943450.0,0.375,0.89,-0.187,169,STILL
13.389,943480.0,0.375,0.937,-0.14,172,STILL
13.420,943511.0,0.421,0.89,-0.187,169,STILL
13.450,943541.0,0.375,0.89,-0.187,170,STILL
13.481,943571.0,0.421,0.89,-0.234,169,STILL
13.511,943602.0,0.421,0.937,-0.14,171,STILL
13.541,943632.0,0.421,0.89,-0.187,171,STILL
13.571,943662.0,0.421,0.89,-0.187,170,STILL
13.603,943692.0,0.375,0.89,-0.14,170,STILL
13.633,943723.0,0.421,0.89,-0.187,170,STILL
13.655,943745.0,0.421,0.89,-0.187,173,STILL
13.685,943775.0,0.421,0.937,-0.187,170,STILL
13.717,943806.0,0.375,0.89,-0.187,169,STILL
13.748,943836.0,0.468,0.937,-0.234,170,STILL
13.776,943867.0,0.375,0.89,-0.187,169,STILL
13.807,943897.0,0.421,0.843,-0.234,170,STILL
13.837,943927.0,0.421,0.89,-0.187,169,STILL
13.868,943957.0,0.375,0.89,-0.187,171,STILL
13.898,943988.0,0.375,0.89,-0.14,170,STILL
13.928,944018.0,0.421,0.89,-0.14,172,STILL
13.958,944048.0,0.375,0.937,-0.234,169,STILL
13.988,944078.0,0.421,0.937,-0.187,170,STILL
14.019,944108.0,0.375,0.937,-0.14,171,STILL
14.049,944138.0,0.421,0.937,-0.14,170,STILL
14.079,944169.0,0.375,0.89,-0.234,170,STILL
14.109,944199.0,0.421,0.843,-0.187,169,STILL
14.140,944229.0,0.421,0.89,-0.187,169,STILL
14.170,944260.0,0.375,0.89,-0.187,168,STILL
14.200,944290.0,0.421,0.89,-0.14,168,STILL
14.230,944320.0,0.328,0.89,-0.187,169,STILL
14.261,944350.0,0.421,0.89,-0.187,169,STILL
14.293,944381.0,0.421,0.89,-0.187,169,STILL
14.321,944411.0,0.468,0.843,-0.187,169,STILL
14.352,944441.0,0.421,0.843,-0.14,170,STILL
14.382,944471.0,0.421,0.843,-0.187,169,STILL
14.412,944501.0,0.421,0.937,-0.14,171,STILL
14.443,944532.0,0.421,0.89,-0.187,171,STILL
14.472,944562.0,0.375,0.937,-0.14,170,STILL
14.503,944592.0,0.468,0.843,-0.093,168,STILL
14.534,944623.0,0.468,0.843,-0.234,170,STILL
14.564,944653.0,0.421,0.937,-0.187,169,STILL
14.594,944683.0,0.375,0.937,-0.14,169,STILL
14.626,944714.0,0.421,0.89,-0.187,170,STILL
14.655,944744.0,0.375,0.937,-0.234,169,STILL
14.686,944775.0,0.421,0.843,-0.234,171,STILL
14.716,944805.0,0.421,0.843,-0.187,169,STILL
14.746,944835.0,0.328,0.937,-0.14,170,STILL
14.776,944866.0,0.375,0.89,-0.187,168,STILL
14.807,944896.0,0.375,0.89,-0.187,168,STILL
14.837,944926.0,0.421,0.937,-0.187,169,STILL
14.867,944956.0,0.375,0.843,-0.187,171,STILL
14.896,944987.0,0.375,0.89,-0.234,170,STILL
14.927,945017.0,0.328,0.89,-0.187,169,STILL
14.957,945047.0,0.375,0.937,-0.234,170,STILL
14.989,945079.0,0.421,0.937,-0.234,169,STILL
15.019,945109.0,0.375,0.89,-0.187,170,STILL
15.050,945139.0,0.375,0.89,-0.187,172,STILL
15.080,945169.0,0.375,0.843,-0.234,169,STILL
15.110,945200.0,0.328,0.89,-0.187,171,STILL
15.141,945230.0,0.468,0.937,-0.14,169,STILL
15.171,945261.0,0.375,0.937,-0.234,170,STILL
15.202,945291.0,0.375,0.937,-0.234,171,STILL
15.232,945321.0,0.421,0.89,-0.187,171,STILL
15.262,945351.0,0.421,0.89,-0.14,171,STILL
15.292,945381.0,0.421,0.937,-0.187,171,STILL
15.323,945412.0,0.421,0.937,-0.234,171,STILL
15.353,945442.0,0.421,0.89,-0.187,171,STILL
15.384,945472.0,0.375,0.89,-0.14,171,STILL
15.416,945504.0,0.375,0.89,-0.14,170,STILL
15.446,945534.0,0.375,0.937,-0.187,170,STILL
15.476,945565.0,0.421,0.937,-0.187,169,STILL
15.507,945595.0,0.375,0.89,-0.187,168,STILL
15.537,945626.0,0.375,0.89,-0.187,170,STILL
15.566,945656.0,0.328,0.89,-0.234,170,STILL
15.597,945686.0,0.328,0.89,-0.187,170,STILL
15.628,945717.0,0.421,0.89,-0.187,169,STILL
15.658,945747.0,0.375,0.89,-0.14,169,STILL
15.689,945777.0,0.375,0.89,-0.187,169,STILL
15.720,945807.0,0.375,0.89,-0.234,169,STILL
15.749,945838.0,0.375,0.843,-0.234,170,STILL
15.780,945868.0,0.421,0.89,-0.14,170,STILL
15.809,945898.0,0.375,0.937,-0.14,171,STILL
15.839,945928.0,0.375,0.843,-0.14,169,STILL
15.870,945958.0,0.421,0.937,-0.187,170,STILL
15.901,945989.0,0.375,0.937,-0.187,169,STILL
15.931,946019.0,0.375,0.89,-0.187,170,STILL
15.961,946049.0,0.421,0.89,-0.234,169,STILL
15.992,946080.0,0.375,0.937,-0.187,170,STILL
16.023,946110.0,0.375,0.89,-0.234,171,STILL
16.052,946140.0,0.375,0.89,-0.187,169,STILL
16.082,946171.0,0.375,0.89,-0.187,170,STILL
16.113,946201.0,0.421,0.89,-0.187,172,STILL
16.144,946231.0,0.375,0.89,-0.187,170,STILL
16.174,946262.0,0.421,0.89,-0.187,170,STILL
16.204,946292.0,0.328,0.89,-0.187,171,STILL
16.234,946322.0,0.421,0.89,-0.187,171,STILL
16.265,946353.0,0.375,0.89,-0.187,170,STILL
16.295,946383.0,0.375,0.89,-0.187,171,STILL
16.326,946414.0,0.421,0.89,-0.187,170,STILL
16.356,946444.0,0.375,0.89,-0.187,171,STILL
16.387,946474.0,0.375,0.89,-0.187,170,STILL
16.418,946504.0,0.375,0.937,-0.187,170,STILL
16.447,946534.0,0.375,0.843,-0.14,169,STILL
16.477,946565.0,0.328,0.89,-0.187,170,STILL
16.507,946595.0,0.375,0.89,-0.234,169,STILL
16.538,946625.0,0.421,0.89,-0.234,170,STILL
16.568,946656.0,0.421,0.89,-0.187,170,STILL
16.599,946686.0,0.375,0.89,-0.187,171,STILL
16.629,946716.0,0.375,0.89,-0.187,171,STILL
16.660,946747.0,0.375,0.843,-0.187,170,STILL
16.690,946777.0,0.375,0.843,-0.234,170,STILL
16.720,946807.0,0.375,0.89,-0.187,169,STILL
16.750,946838.0,0.375,0.937,-0.187,170,STILL
16.780,946868.0,0.421,0.937,-0.234,172,STILL
16.811,946899.0,0.328,0.89,-0.187,171,STILL
16.842,946929.0,0.328,0.843,-0.187,171,STILL
16.872,946959.0,0.328,0.937,-0.187,171,STILL
16.903,946989.0,0.375,0.937,-0.187,171,STILL
16.932,947020.0,0.375,0.89,-0.187,172,STILL
16.962,947050.0,0.328,0.937,-0.187,171,STILL
16.993,947080.0,0.421,0.984,-0.14,171,STILL
17.023,947111.0,0.375,0.89,-0.187,171,STILL
17.053,947141.0,0.421,0.937,-0.187,171,STILL
17.083,947171.0,0.375,0.843,-0.14,170,STILL
17.114,947201.0,0.375,0.89,-0.234,172,STILL
17.144,947231.0,0.375,0.937,-0.187,172,STILL
17.173,947261.0,0.328,0.89,-0.187,170,STILL
17.203,947291.0,0.421,0.937,-0.14,172,STILL
17.233,947321.0,0.375,0.89,-0.187,171,STILL
17.263,947351.0,0.421,0.89,-0.14,170,STILL
17.294,947382.0,0.421,0.843,-0.187,171,STILL
17.324,947412.0,0.421,0.937,-0.187,170,STILL
17.355,947442.0,0.421,0.89,-0.187,170,STILL
17.385,947473.0,0.375,0.89,-0.187,171,STILL
17.416,947503.0,0.375,0.89,-0.14,171,STILL
17.447,947533.0,0.421,0.937,-0.187,171,STILL
17.477,947564.0,0.421,0.937,-0.234,170,STILL
17.508,947594.0,0.421,0.937,-0.187,170,STILL
17.537,947624.0,0.421,0.89,-0.187,170,STILL
17.567,947654.0,0.375,0.937,-0.187,173,STILL
17.598,947684.0,0.421,0.89,-0.187,171,STILL
17.628,947714.0,0.328,0.843,-0.14,171,STILL
17.658,947745.0,0.421,0.89,-0.187,170,STILL
17.688,947775.0,0.421,0.89,-0.187,170,STILL
17.719,947805.0,0.421,0.843,-0.187,170,STILL
17.749,947836.0,0.421,0.937,-0.14,170,STILL
17.780,947866.0,0.421,0.89,-0.187,171,STILL
17.810,947896.0,0.421,0.89,-0.187,170,STILL
17.840,947926.0,0.375,0.89,-0.234,169,STILL
17.870,947957.0,0.375,0.937,-0.187,171,STILL
17.900,947987.0,0.375,0.89,-0.187,171,STILL
17.931,948017.0,0.468,0.984,-0.234,170,STILL
17.961,948047.0,0.421,0.937,-0.234,170,STILL
17.992,948078.0,0.375,0.89,-0.187,171,STILL
18.022,948108.0,0.375,0.89,-0.187,172,STILL
18.052,948138.0,0.328,0.89,-0.187,171,STILL
18.083,948169.0,0.375,0.937,-0.187,169,STILL
18.114,948199.0,0.328,0.843,-0.187,172,STILL
18.144,948230.0,0.421,0.89,-0.234,170,STILL
18.174,948260.0,0.375,0.984,-0.187,169,STILL
18.205,948291.0,0.421,0.89,-0.234,169,STILL
18.235,948321.0,0.421,0.937,-0.187,170,STILL
18.265,948351.0,0.421,0.843,-0.187,170,STILL
18.296,948381.0,0.421,0.89,-0.187,169,STILL
18.325,948411.0,0.375,0.937,-0.14,169,STILL
18.356,948442.0,0.421,0.843,-0.187,169,STILL
18.386,948472.0,0.421,0.937,-0.187,170,STILL
18.415,948502.0,0.421,0.937,-0.187,170,STILL
18.438,948525.0,0.375,0.89,-0.234,173,STILL
18.468,948555.0,0.375,0.89,-0.187,170,STILL
18.499,948585.0,0.375,0.937,-0.14,169,STILL
18.531,948616.0,0.421,0.843,-0.187,170,STILL
18.559,948646.0,0.375,0.937,-0.14,169,STILL
18.590,948676.0,0.375,0.89,-0.187,169,STILL
18.621,948706.0,0.421,0.937,-0.187,170,STILL
18.650,948736.0,0.375,0.937,-0.187,171,STILL
18.680,948767.0,0.375,0.937,-0.187,171,STILL
18.713,948797.0,0.375,0.89,-0.187,170,STILL
18.742,948828.0,0.421,0.937,-0.187,169,STILL
18.773,948858.0,0.421,0.937,-0.187,169,STILL
18.803,948888.0,0.421,0.89,-0.187,169,STILL
18.834,948918.0,0.375,0.843,-0.187,169,STILL
18.864,948949.0,0.375,0.937,-0.187,170,STILL
18.894,948979.0,0.375,0.937,-0.234,170,STILL
18.924,949010.0,0.375,0.89,-0.14,168,STILL
18.956,949040.0,0.375,0.937,-0.187,169,STILL
18.985,949070.0,0.375,0.89,-0.234,170,STILL
19.015,949100.0,0.421,0.89,-0.187,170,STILL
19.046,949131.0,0.328,0.89,-0.187,169,STILL
19.077,949161.0,0.375,0.937,-0.187,169,STILL
19.107,949192.0,0.375,0.937,-0.14,169,STILL
19.137,949222.0,0.375,0.937,-0.14,170,STILL
19.167,949252.0,0.421,0.843,-0.187,170,STILL
19.198,949283.0,0.328,0.89,-0.14,170,STILL
19.229,949313.0,0.421,0.937,-0.187,170,STILL
19.259,949344.0,0.375,0.937,-0.187,170,STILL
19.289,949374.0,0.328,0.843,-0.187,170,STILL
19.319,949404.0,0.421,0.89,-0.187,169,STILL
19.350,949435.0,0.421,0.843,-0.187,169,STILL
19.380,949465.0,0.421,0.89,-0.187,171,STILL
19.410,949495.0,0.375,0.937,-0.234,169,STILL
19.440,949526.0,0.375,0.937,-0.187,170,STILL
19.470,949556.0,0.375,0.984,-0.14,170,STILL
19.501,949587.0,0.375,0.937,-0.187,170,STILL
19.531,949617.0,0.421,0.937,-0.187,170,STILL
19.562,949647.0,0.421,0.89,-0.187,170,STILL
19.592,949678.0,0.421,0.89,-0.14,170,STILL
19.623,949708.0,0.375,0.89,-0.14,171,STILL
19.653,949738.0,0.375,0.937,-0.187,171,STILL
19.684,949769.0,0.421,0.937,-0.187,170,STILL
19.715,949799.0,0.421,0.89,-0.187,170,STILL
19.746,949830.0,0.375,0.937,-0.187,171,STILL
19.776,949860.0,0.328,0.89,-0.234,170,STILL
19.806,949890.0,0.328,0.89,-0.187,171,STILL
19.837,949921.0,0.421,0.89,-0.187,171,STILL
19.866,949951.0,0.421,0.89,-0.187,171,STILL
19.896,949981.0,0.375,0.937,-0.187,171,STILL
19.926,950011.0,0.468,0.89,-0.187,170,STILL
19.957,950042.0,0.375,0.89,-0.187,169,STILL
19.987,950072.0,0.421,0.89,-0.14,170,STILL
20.019,950103.0,0.421,0.89,-0.234,173,STILL
20.049,950133.0,0.375,0.937,-0.187,170,STILL
20.079,950163.0,0.375,0.937,-0.187,172,STILL
20.110,950193.0,0.375,0.89,-0.14,171,STILL
20.139,950224.0,0.421,0.89,-0.14,170,STILL
20.170,950254.0,0.421,0.89,-0.187,170,STILL
20.200,950284.0,0.421,0.89,-0.187,171,STILL
20.232,950316.0,0.375,0.984,-0.14,170,STILL
20.262,950346.0,0.375,0.843,-0.187,171,STILL
20.293,950376.0,0.421,0.937,-0.187,170,STILL
20.323,950406.0,0.375,0.89,-0.187,170,STILL
20.353,950437.0,0.375,0.89,-0.234,171,STILL
20.383,950467.0,0.421,0.937,-0.187,169,STILL
20.413,950497.0,0.468,0.89,-0.187,171,STILL
20.443,950527.0,0.375,0.89,-0.187,170,STILL
20.473,950557.0,0.375,0.937,-0.14,170,STILL
20.503,950588.0,0.421,0.89,-0.234,171,STILL
20.534,950618.0,0.375,0.937,-0.187,171,STILL
20.564,950648.0,0.375,0.937,-0.14,171,STILL
20.594,950678.0,0.375,0.89,-0.14,170,STILL
20.624,950708.0,0.328,0.937,-0.187,169,STILL
20.647,950730.0,0.421,0.937,-0.234,174,STILL
20.677,950761.0,0.375,0.937,-0.234,168,STILL
20.708,950791.0,0.375,0.89,-0.187,168,STILL
20.738,950821.0,0.421,0.89,-0.187,170,STILL
20.767,950851.0,0.375,0.937,-0.234,171,STILL
20.798,950881.0,0.421,0.89,-0.234,171,STILL
20.828,950911.0,0.421,0.89,-0.187,169,STILL
20.858,950942.0,0.421,0.89,-0.187,171,STILL
20.888,950972.0,0.421,0.843,-0.187,170,STILL
20.919,951002.0,0.375,0.89,-0.187,171,STILL
20.949,951032.0,0.421,0.89,-0.187,169,STILL
20.980,951063.0,0.421,0.937,-0.14,169,STILL
21.010,951093.0,0.375,0.937,-0.187,169,STILL
21.041,951123.0,0.421,0.937,-0.14,171,STILL
21.072,951154.0,0.421,0.89,-0.187,169,STILL
21.101,951184.0,0.375,0.89,-0.187,171,STILL
21.133,951214.0,0.375,0.89,-0.187,170,STILL
21.161,951245.0,0.375,0.937,-0.187,171,STILL
21.193,951275.0,0.421,0.89,-0.187,169,STILL
21.223,951305.0,0.375,0.937,-0.14,170,STILL
21.253,951336.0,0.375,0.89,-0.187,170,STILL
21.284,951367.0,0.421,0.89,-0.187,170,STILL
21.316,951397.0,0.375,0.937,-0.14,171,STILL
21.345,951428.0,0.421,0.937,-0.234,170,STILL
21.375,951458.0,0.421,0.89,-0.234,171,STILL
21.406,951488.0,0.421,0.89,-0.14,171,STILL
21.437,951519.0,0.375,0.937,-0.187,170,STILL
21.467,951549.0,0.421,0.843,-0.234,172,STILL
21.496,951579.0,0.421,0.937,-0.187,171,STILL
21.527,951609.0,0.375,0.89,-0.187,171,STILL
21.557,951640.0,0.421,0.89,-0.187,171,STILL
21.588,951670.0,0.375,0.937,-0.187,170,STILL
21.617,951700.0,0.421,0.843,-0.14,170,STILL
21.648,951730.0,0.328,0.937,-0.14,171,STILL
21.677,951761.0,0.375,0.89,-0.187,170,STILL
21.707,951791.0,0.375,0.89,-0.187,170,STILL
21.737,951821.0,0.421,0.843,-0.187,169,STILL
21.768,951852.0,0.421,0.937,-0.187,171,STILL
21.798,951882.0,0.375,0.843,-0.14,172,STILL
21.829,951912.0,0.375,0.89,-0.187,171,STILL
21.860,951943.0,0.375,0.89,-0.14,170,STILL
21.890,951973.0,0.421,0.89,-0.187,169,STILL
21.921,952003.0,0.375,0.89,-0.093,170,STILL
21.951,952034.0,0.468,0.89,-0.187,171,STILL
21.981,952064.0,0.375,0.89,-0.187,171,STILL
22.011,952093.0,0.468,0.843,-0.187,170,STILL
22.041,952124.0,0.375,0.89,-0.234,170,STILL
22.072,952154.0,0.375,0.984,-0.234,170,STILL
22.102,952184.0,0.375,0.937,-0.187,169,STILL
22.132,952214.0,0.421,0.937,-0.187,170,STILL
22.162,952244.0,0.375,0.89,-0.187,170,STILL
22.192,952275.0,0.375,0.937,-0.14,170,STILL
22.222,952305.0,0.421,0.89,-0.187,171,STILL
22.244,952327.0,0.375,0.843,-0.187,177,STILL
22.275,952356.0,0.421,0.89,-0.187,171,STILL
22.304,952387.0,0.421,0.937,-0.187,171,STILL
22.327,952409.0,0.375,0.89,-0.234,176,STILL
22.356,952440.0,0.375,0.89,-0.187,173,STILL
22.379,952462.0,0.375,0.937,-0.14,176,STILL
22.411,952492.0,0.328,0.89,-0.14,172,STILL
22.440,952523.0,0.375,0.937,-0.234,171,STILL
22.463,952545.0,0.421,0.89,-0.187,176,STILL
22.493,952575.0,0.375,0.89,-0.14,172,STILL
22.524,952605.0,0.375,0.89,-0.187,170,STILL
22.554,952636.0,0.421,0.89,-0.234,170,STILL
22.583,952665.0,0.375,0.937,-0.14,171,STILL
22.607,952688.0,0.375,0.937,-0.234,173,STILL
22.637,952719.0,0.375,0.843,-0.14,172,STILL
22.667,952749.0,0.421,0.89,-0.187,171,STILL
22.698,952779.0,0.375,0.89,-0.187,170,STILL
22.728,952809.0,0.375,0.843,-0.187,172,STILL
22.758,952840.0,0.421,0.937,-0.14,170,STILL
22.788,952870.0,0.375,0.937,-0.187,172,STILL
22.818,952900.0,0.421,0.984,-0.234,173,STILL
22.849,952930.0,0.375,0.89,-0.14,171,STILL
22.879,952961.0,0.375,0.89,-0.187,171,STILL
22.909,952991.0,0.375,0.937,-0.187,170,STILL
22.939,953021.0,0.375,0.89,-0.14,170,STILL
22.970,953051.0,0.375,0.89,-0.234,170,STILL
22.999,953082.0,0.375,0.843,-0.14,171,STILL
23.030,953112.0,0.375,0.89,-0.187,171,STILL
23.060,953142.0,0.421,0.89,-0.234,172,STILL
23.090,953172.0,0.375,0.89,-0.234,170,STILL
23.121,953202.0,0.328,0.937,-0.14,170,STILL
23.151,953232.0,0.375,0.937,-0.187,171,STILL
23.184,953263.0,0.375,0.89,-0.187,173,STILL
23.211,953293.0,0.375,0.89,-0.187,169,STILL
23.242,953323.0,0.421,0.937,-0.187,170,STILL
23.272,953353.0,0.328,0.89,-0.187,171,STILL
23.302,953383.0,0.375,0.843,-0.187,172,STILL
23.334,953414.0,0.421,0.937,-0.187,170,STILL
23.363,953444.0,0.421,0.89,-0.187,170,STILL
23.393,953474.0,0.421,0.937,-0.187,170,STILL
23.423,953504.0,0.328,0.937,-0.14,170,STILL
23.454,953535.0,0.375,0.89,-0.234,170,STILL
23.484,953565.0,0.375,0.89,-0.14,172,STILL
23.513,953595.0,0.375,0.843,-0.187,168,STILL
23.543,953625.0,0.375,0.937,-0.187,170,STILL
23.574,953655.0,0.328,0.937,-0.234,169,STILL
23.605,953686.0,0.421,0.89,-0.234,171,STILL
23.634,953716.0,0.421,0.937,-0.187,171,STILL
23.657,953738.0,0.328,0.937,-0.187,175,STILL
23.687,953768.0,0.375,0.937,-0.234,172,STILL
23.710,953791.0,0.375,0.89,-0.234,174,STILL
23.741,953821.0,0.421,0.89,-0.14,172,STILL
23.771,953852.0,0.375,0.937,-0.187,173,STILL
23.801,953882.0,0.375,0.89,-0.187,172,STILL
23.832,953912.0,0.375,0.89,-0.14,171,STILL
23.862,953942.0,0.328,0.89,-0.187,169,STILL
23.892,953973.0,0.375,0.89,-0.187,169,STILL
23.915,953995.0,0.375,0.89,-0.187,175,STILL
23.943,954025.0,0.328,0.89,-0.187,171,STILL
23.973,954055.0,0.421,0.937,-0.187,170,STILL
24.004,954085.0,0.375,0.89,-0.187,171,STILL
24.033,954116.0,0.375,0.89,-0.187,171,STILL
24.064,954146.0,0.328,0.843,-0.281,171,STILL
24.095,954176.0,0.328,0.89,-0.187,169,STILL
24.125,954206.0,0.375,0.89,-0.187,170,STILL
24.155,954237.0,0.375,0.89,-0.187,170,STILL
24.185,954267.0,0.375,0.843,-0.14,171,STILL
24.216,954297.0,0.421,0.89,-0.14,172,STILL
24.247,954328.0,0.375,0.89,-0.187,171,STILL
24.278,954358.0,0.328,0.937,-0.187,171,STILL
24.308,954388.0,0.468,0.89,-0.187,170,STILL
24.338,954418.0,0.375,0.843,-0.187,170,STILL
24.369,954449.0,0.421,0.984,-0.187,171,STILL
24.400,954479.0,0.375,0.89,-0.234,170,STILL
24.429,954509.0,0.421,0.89,-0.187,170,STILL
24.460,954539.0,0.375,0.89,-0.187,170,STILL
24.490,954570.0,0.421,0.937,-0.187,170,STILL
24.520,954600.0,0.421,0.89,-0.187,172,STILL
24.550,954630.0,0.375,0.937,-0.187,171,STILL
24.580,954661.0,0.328,0.937,-0.187,172,STILL
24.611,954691.0,0.421,0.89,-0.187,170,STILL
24.642,954721.0,0.375,0.89,-0.187,170,STILL
24.672,954751.0,0.375,0.89,-0.187,171,STILL
24.702,954782.0,0.468,0.937,-0.234,173,STILL
24.732,954812.0,0.421,0.984,-0.187,172,STILL
24.762,954843.0,0.328,0.937,-0.234,170,STILL
24.792,954873.0,0.375,0.937,-0.234,170,STILL
24.823,954903.0,0.421,0.89,-0.187,170,STILL
24.853,954933.0,0.328,0.843,-0.14,171,STILL
24.883,954963.0,0.421,0.89,-0.234,171,STILL
24.914,954993.0,0.421,0.89,-0.187,171,STILL
24.944,955023.0,0.375,0.937,-0.14,170,STILL
24.974,955054.0,0.421,0.843,-0.187,170,STILL
25.004,955084.0,0.375,0.937,-0.187,172,STILL
25.034,955114.0,0.421,0.937,-0.187,170,STILL
25.066,955146.0,0.375,0.937,-0.187,169,STILL
25.097,955176.0,0.468,0.89,-0.14,170,STILL
25.127,955206.0,0.421,0.89,-0.187,170,STILL
25.157,955236.0,0.375,0.89,-0.187,171,STILL
25.188,955267.0,0.375,0.89,-0.187,170,STILL
25.217,955297.0,0.375,0.937,-0.187,171,STILL
25.248,955327.0,0.375,0.89,-0.187,172,STILL
25.278,955357.0,0.375,0.89,-0.187,170,STILL
25.309,955388.0,0.421,0.937,-0.234,171,STILL
25.339,955418.0,0.421,0.937,-0.187,171,STILL
25.370,955449.0,0.421,0.89,-0.187,170,STILL
25.400,955479.0,0.421,0.89,-0.187,170,STILL
25.429,955509.0,0.375,0.89,-0.14,171,STILL
25.461,955540.0,0.375,0.937,-0.187,169,STILL
25.491,955570.0,0.468,0.937,-0.187,171,STILL
25.520,955600.0,0.375,0.89,-0.14,171,STILL
25.542,955622.0,0.421,0.843,-0.234,173,STILL
25.573,955653.0,0.375,0.937,-0.187,170,STILL
25.604,955683.0,0.421,0.937,-0.234,170,STILL
25.635,955713.0,0.421,0.843,-0.14,169,STILL
25.665,955744.0,0.375,0.937,-0.187,171,STILL
25.695,955774.0,0.375,0.937,-0.187,171,STILL
25.726,955804.0,0.375,0.89,-0.14,170,STILL
25.755,955835.0,0.375,0.843,-0.14,169,STILL
25.787,955865.0,0.421,0.937,-0.14,171,STILL
25.817,955895.0,0.375,0.937,-0.187,172,STILL
25.847,955925.0,0.375,0.89,-0.187,171,STILL
25.877,955955.0,0.421,0.937,-0.187,169,STILL
25.906,955986.0,0.421,0.89,-0.187,171,STILL
25.937,956016.0,0.375,0.937,-0.234,171,STILL
25.968,956046.0,0.421,0.89,-0.234,171,STILL
25.997,956077.0,0.421,0.89,-0.14,172,STILL
26.020,956099.0,0.421,0.937,-0.187,175,STILL
26.050,956129.0,0.421,0.89,-0.187,171,STILL
26.081,956159.0,0.421,0.937,-0.187,171,STILL
26.111,956189.0,0.421,0.89,-0.14,170,STILL
26.141,956220.0,0.421,0.937,-0.14,169,STILL
26.171,956250.0,0.375,0.89,-0.187,171,STILL
26.200,956280.0,0.375,0.89,-0.14,171,STILL
26.231,956310.0,0.375,0.984,-0.187,169,STILL
26.261,956340.0,0.421,0.937,-0.187,169,STILL
26.291,956371.0,0.375,0.89,-0.234,169,STILL
26.327,956407.0,0.421,0.937,-0.187,167,STILL
26.360,956439.0,0.421,0.89,-0.234,169,STILL
26.390,956470.0,0.375,0.843,-0.14,170,STILL
26.422,956500.0,0.421,0.89,-0.187,169,STILL
26.453,956530.0,0.421,0.89,-0.187,170,STILL
26.483,956561.0,0.375,0.796,-0.187,170,STILL
26.513,956591.0,0.421,0.89,-0.187,168,STILL
26.543,956621.0,0.375,0.937,-0.234,168,STILL
26.573,956652.0,0.375,0.89,-0.187,170,STILL
26.604,956682.0,0.468,0.89,-0.187,171,STILL
26.635,956712.0,0.421,0.843,-0.234,171,STILL
26.665,956742.0,0.375,0.89,-0.187,170,STILL
26.695,956773.0,0.375,0.937,-0.14,170,STILL
26.725,956803.0,0.375,0.89,-0.187,169,STILL
26.756,956833.0,0.421,0.937,-0.187,170,STILL
26.786,956864.0,0.375,0.937,-0.234,172,STILL
26.817,956894.0,0.375,0.937,-0.187,171,STILL
26.846,956924.0,0.421,0.89,-0.187,171,STILL
26.877,956955.0,0.375,0.89,-0.234,170,STILL
26.907,956985.0,0.421,0.89,-0.187,170,STILL
26.929,957007.0,0.328,0.89,-0.14,173,STILL
26.960,957038.0,0.375,0.89,-0.187,169,STILL
26.991,957068.0,0.421,0.89,-0.187,170,STILL
27.021,957099.0,0.375,0.843,-0.234,170,STILL
27.052,957129.0,0.375,0.89,-0.187,171,STILL
27.083,957159.0,0.421,0.89,-0.187,171,STILL
27.112,957189.0,0.421,0.843,-0.187,170,STILL
27.135,957212.0,0.375,0.937,-0.187,173,STILL
27.165,957242.0,0.375,0.89,-0.14,172,STILL
27.195,957273.0,0.421,0.937,-0.187,170,STILL
27.225,957302.0,0.328,0.843,-0.187,170,STILL
27.255,957332.0,0.375,0.89,-0.234,171,STILL
27.285,957363.0,0.375,0.937,-0.234,170,STILL
27.316,957393.0,0.421,0.937,-0.187,171,STILL
27.346,957423.0,0.375,0.937,-0.187,169,STILL
27.376,957454.0,0.421,0.89,-0.187,172,STILL
27.407,957484.0,0.375,0.937,-0.234,170,STILL
27.437,957514.0,0.421,0.937,-0.234,169,STILL
27.468,957545.0,0.375,0.937,-0.14,169,STILL
27.498,957575.0,0.375,0.89,-0.234,170,STILL
27.527,957605.0,0.375,0.843,-0.14,170,STILL
27.558,957636.0,0.421,0.89,-0.234,170,STILL
27.589,957666.0,0.375,0.89,-0.14,170,STILL
27.619,957696.0,0.375,0.89,-0.14,171,STILL
27.649,957727.0,0.375,0.937,-0.234,170,STILL
27.680,957757.0,0.421,0.89,-0.14,169,STILL
27.711,957788.0,0.375,0.89,-0.234,170,STILL
27.742,957819.0,0.375,0.937,-0.187,169,STILL
27.772,957849.0,0.375,0.89,-0.14,170,STILL
27.803,957880.0,0.375,0.984,-0.14,170,STILL
27.834,957910.0,0.375,0.937,-0.187,169,STILL
27.863,957941.0,0.375,0.89,-0.234,170,STILL
27.893,957971.0,0.421,0.937,-0.187,169,STILL
27.923,958001.0,0.421,0.937,-0.234,170,STILL
27.953,958031.0,0.468,0.843,-0.14,171,STILL
27.984,958061.0,0.375,0.89,-0.093,171,STILL
28.015,958092.0,0.421,0.937,-0.234,169,STILL
28.045,958122.0,0.421,0.843,-0.187,172,STILL
28.076,958152.0,0.421,0.937,-0.234,171,STILL
28.107,958183.0,0.328,0.89,-0.187,170,STILL
28.137,958213.0,0.421,0.89,-0.14,171,STILL
28.167,958243.0,0.421,0.89,-0.14,171,STILL
28.197,958274.0,0.421,0.89,-0.14,171,STILL
28.229,958304.0,0.468,0.89,-0.187,170,STILL
28.259,958335.0,0.328,0.89,-0.187,169,STILL
28.290,958366.0,0.328,0.89,-0.234,170,STILL
28.320,958396.0,0.421,0.937,-0.14,171,STILL
28.350,958426.0,0.421,0.843,-0.187,171,STILL
28.380,958457.0,0.468,0.937,-0.14,171,STILL
28.410,958487.0,0.421,0.843,-0.187,171,STILL
28.440,958517.0,0.421,0.937,-0.187,171,STILL
28.470,958548.0,0.375,0.984,-0.187,172,STILL
28.500,958578.0,0.421,0.843,-0.187,171,STILL
28.531,958608.0,0.375,0.843,-0.14,170,STILL
28.561,958639.0,0.421,0.937,-0.187,170,STILL
28.592,958669.0,0.421,0.89,-0.234,171,STILL
28.622,958700.0,0.375,0.937,-0.187,171,STILL
28.653,958730.0,0.421,0.843,-0.187,171,STILL
28.683,958760.0,0.375,0.937,-0.14,171,STILL
28.714,958790.0,0.375,0.937,-0.187,170,STILL
28.746,958821.0,0.375,0.843,-0.234,169,STILL
28.775,958851.0,0.375,0.89,-0.14,171,STILL
28.804,958880.0,0.421,0.89,-0.14,171,STILL
28.835,958911.0,0.375,0.89,-0.14,170,STILL
28.865,958941.0,0.421,0.89,-0.187,172,STILL
28.895,958971.0,0.328,0.89,-0.187,170,STILL
28.926,959002.0,0.421,0.937,-0.14,170,STILL
28.956,959032.0,0.421,0.89,-0.187,169,STILL
28.987,959063.0,0.421,0.89,-0.187,170,STILL
29.018,959093.0,0.375,0.89,-0.187,171,STILL
29.048,959124.0,0.421,0.937,-0.14,171,STILL
29.078,959154.0,0.375,0.89,-0.14,170,STILL
29.110,959186.0,0.468,0.937,-0.234,170,STILL
29.141,959216.0,0.421,0.843,-0.187,171,STILL
29.171,959247.0,0.421,0.89,-0.187,170,STILL
29.202,959277.0,0.421,0.937,-0.187,173,STILL
29.233,959308.0,0.375,0.937,-0.187,170,STILL
29.263,959338.0,0.375,0.937,-0.187,170,STILL
29.293,959368.0,0.375,0.89,-0.14,170,STILL
29.323,959399.0,0.375,0.89,-0.14,172,STILL
29.354,959429.0,0.468,0.937,-0.187,172,STILL
29.384,959459.0,0.421,0.937,-0.187,175,STILL
29.414,959489.0,0.375,0.89,-0.187,171,STILL
29.445,959520.0,0.421,0.89,-0.187,173,STILL
29.475,959550.0,0.421,0.843,-0.14,173,STILL
29.505,959580.0,0.375,0.937,-0.187,173,STILL
29.535,959610.0,0.421,0.843,-0.187,171,STILL
29.565,959640.0,0.375,0.89,-0.187,172,STILL
29.595,959671.0,0.421,0.843,-0.187,171,STILL
29.626,959701.0,0.375,0.937,-0.14,172,STILL
29.656,959731.0,0.375,0.89,-0.187,172,STILL
29.686,959761.0,0.421,0.89,-0.14,172,STILL
29.717,959792.0,0.375,0.89,-0.14,170,STILL
29.747,959822.0,0.375,0.937,-0.187,169,STILL
29.777,959853.0,0.421,0.89,-0.14,170,STILL
29.800,959875.0,0.375,0.843,-0.187,175,STILL
29.830,959905.0,0.421,0.89,-0.187,171,STILL
29.861,959935.0,0.421,0.937,-0.187,170,STILL
29.892,959966.0,0.421,0.89,-0.14,172,STILL
29.921,959996.0,0.421,0.843,-0.14,171,STILL
29.953,960027.0,0.468,0.843,-0.093,173,STILL
29.984,960058.0,0.421,0.89,-0.14,171,STILL
30.014,960089.0,0.468,0.89,-0.14,170,STILL
